ID;EUPONT_ID;NDX;LEIRAS
37109182;99488;1;A legutóbbi Magyar Kardiovaszkuláris Terápiás Konszenzus Konferencia terápiás ajánlása alapján igen nagy kardiovaszkuláris kockázatú hyperlipidaemiás, veseelégtelenségben szenvedő (30 ml/perc alatti GFR), illetve dializált beteg számára, akinél atorvastatinnal, vagy simvastatinnal folytatott három hónapos kezelést követően laborkontroll alapján nem sikerült a kívánt célérték (LDL 1,8 mmol/l, össz. Chol. 3,5 mmol/l) elérése. Az ezetimibe hatóanyagot tartalmazó kombinációs készítmény alkalmazása javasolt akkor is, ha bizonyított mellékhatás miatt csak kisebb adag sztatin szedése lehetséges, amely mellett nem sikerült a célérték elérése.
37109403;99489;1;Felnőtt cukorbeteg részére, fájdalmas neuropathiában
37110013;99493;1;Közepes thromboemboliás kockázattal járó állapot esetén a vénás thromboemboliás esemény elsődleges megelőzésére a kórházi terápia folytatásaként, profilaktikus dózisban a kockázat fennállásának idejére
37110058;99494;1;Nagy és az igen nagy thromboemboliás kockázattal járó állapot esetén a vénás thromboemboliás esemény elsődleges megelőzésére a kórházi terápia folytatásaként, profilaktikus dózisban a kockázat fennállásának idejére
37110059;99494;2;  Thromboemboliás szövődményekhez vezető veleszületett vagy szerzett, dokumentált thrombophilia halmozott kockázattal járó eseteiben, profilaktikus dózisban a kockázat fennállásának idejére
37110060;99494;3;Vénás thromboembolia másodlagos megelőzésére, amennyiben az orális K-vitamin antagonisták (acenocumarol, warfarin) ellenjavalltak
37110149;99495;1;A kialakult vénás thrombózis, illetve tüdőembolia kezelésére - az adott készítmény alkalmazási előírása szerinti terápiás dózisban és időtartamban - az orális antikoaguláns kezelésre való átállásig
37110150;99495;2; Vénás thromboembolia másodlagos megelőzésére, amennyiben az orális K-vitamin antagonisták (acenocumarol, warfarin) ellenjavalltak
37110151;99495;3; Thromboemboliás szövődményekhez vezető veleszületett vagy szerzett, dokumentált thrombophilia halmozott kockázattal járó eseteiben, profilaktikus dózisban a kockázat fennállásának idejére
37110268;99496;1;Epilepszia
37110477;99497;1;Epilepszia, az 5/a1. pontban felsorolt szerekre dokumentált rezisztencia esetén
37110713;99498;1;Epilepszia, az 5/a1- 5/a2. pontokban felsorolt szerekre dokumentált rezisztencia esetén
37108245;99472;6;Fiatalkori rheumatoid arthritis  esetén - az adott készítmény alkalmazási előírásában szereplő életkori korlátozások figyelembe vételével, az ott szereplő javallatokban
37108384;99473;1;Rheumatoid arthritis, ha a beteg 65 évnél idősebb, vagy gyomor-bélnyálkahártya sérülés nagy kockázata áll fenn (előzetes ulcus dokumentált eseteiben, NSAID okozta gastrointestinalis vérzés dokumentált eseteiben), vagy tartósan steroidot szed, vagy vérzékenységben szenved, vagy antikoaguláns kezelésben részesül (ideértve a salicilát profilaxist is) az adott készítmény alkalmazási előírásában szereplő javallatok és kardiovascularis kockázati tényezők figyelembevételével
37108385;99473;2;Spondylitis ankylopoetica, ha a beteg 65 évnél idősebb, vagy gyomor-bélnyálkahártya sérülés nagy kockázata áll fenn (előzetes ulcus dokumentált eseteiben, NSAID okozta gastrointestinalis vérzés dokumentált eseteiben), vagy tartósan steroidot szed, vagy vérzékenységben szenved, vagy antikoaguláns kezelésben részesül (ideértve a salicilát profilaxist is) az adott készítmény alkalmazási előírásában szereplő javallatok és kardiovascularis kockázati tényezők figyelembevételével
37108386;99473;3;Súlyos nagyizületi arthrosis fennállása esetén, ha a beteg 65 évnél idősebb, vagy gyomor-bélnyálkahártya sérülés nagy kockázata áll fenn (előzetes ulcus dokumentált eseteiben, NSAID okozta gastrointestinalis vérzés dokumentált eseteiben), vagy tartósan steroidot szed, vagy vérzékenységben szenved, vagy antikoaguláns kezelésben részesül (ideértve a salicilát profilaxist is) az adott készítmény alkalmazási előírásában szereplő javallatok és kardiovascularis kockázati tényezők figyelembevételével
37108728;99478;1;Vashiányos anaemia  megelőzése vagy kezelése - erythropoetin kezelésben részesülő predializált vagy dializált vesebetegek részére
37108761;99479;1;Kiterjedt ulcus cruris
37108762;99479;2;Krónikus sipoly
37108763;99479;3;Tracheostoma
37108815;99480;1;Meniere-szindróma
37108862;99481;1;Amyotrophias lateralsclerosis (ALS)
37108863;99481;2;Paralysis spinalis spastica
37108864;99481;3;Spasticus tetraplegia
37108865;99481;4;Sclerosis multiplex
37108866;99481;5;Stroke után (centrális izomtónus-fokozódással járó állapotokban)
37108961;99483;1;Krónikus hyperurikaemia kezelésére dokumentált allopurinol intolerancia vagy kontraindikáció esetén, olyan állapotokban, amikor a húgysav szövetekben történő lerakódása már bekövetkezett (beleértve tophusok és/vagy arthritis urica fennállását vagy kórelőzményét).
37109005;99484;1;"Stroke és szisztémás embolizáció megelőzésére nem billentyű eredetű pitvarfibrillációban szenvedő felnőtt _x000d_
betegeknél,_x000d_
  - K-vitamin antagonista (acenocumarol és/vagy warfarin) alkalmazásának ellenjavallata esetén, vagy_x000d_
  - K-vitamin antagonista kezelés ellenére elszenvedett stroke vagy szisztémás embolizáció esetén, vagy amennyiben 6 hónapot meghaladó K-vitamin antagonista kezelés során a mért INR értékek kevesebb mint 60%-a esik terápiás tartományba (INR 2 és 3 közé), a következő kockázati tényezők közül legalább kettő fennállása esetén:_x000d_
  - bal kamrai ejekciós frakció < 40%,_x000d_
  - tünetekkel járó szívelégtelenség New York Heart Association (NYHA) II. stádium,_x000d_
  - életkor >= 75 év,_x000d_
  - életkor >= 65 év, a következők valamelyikével: diabetes mellitus, koszorúér-betegség vagy hypertonia."
37109045;99485;1;"Vénás thromboembolia másodlagos megelőzésére, ha az orális K-vitamin antagonisták (acenocumarol, warfarin) ellenjavalltak_x000d_
   "
37109144;99487;1;Kardiovaszkuláris betegségben (ACS, STEMI, nonSTEMI) igen nagy kardiovaszkuláris rizikó és hyperlipidaemia esetén, ha egalább 20 mg rosuvastatinnal vagy legalább 40 mg atorvastatinnal folytatott három hónapos kezelést követően laborkontroll alapján nem sikerült a kívánt célérték elérése (LDL 1,8 mmol/l, össz. Chol. 3,5 mmol/l), vagy amennyiben bizonyíthatóan sztatin intolerancia (CK emelkedés, egyértelműen sztatin terápiára visszavezethető szignifikáns májfunkció eltérés) áll fenn. Az ezetimibe hatóanyagú készítmény alkalmazása javasolt akkor is, ha bizonyított mellékhatás miatt csak kisebb adag sztatin szedése lehetséges, amely mellett nem sikerült a célérték elérése.
37109145;99487;2;Bizonyítottan cerebrovaszkuláris eseményen (TIA, stroke) átesett beteg számára, igen nagy kardiovaszkuláris rizikó és hyperlipidaemia esetén, ha legalább 20 mg rosuvastatinnal vagy legalább 40 mg atorvastatinnal folytatott három hónapos kezelést követően laborkontroll alapján nem sikerült a kívánt célérték elérése (LDL 1,8 mmol/l, össz. Chol. 3,5 mmol/l), vagy amennyiben bizonyíthatóan sztatin intolerancia (CK emelkedés, egyértelműen sztatin terápiára visszavezethető szignifikáns májfunkció eltérés) áll fenn. Az ezetimibe hatóanyagú készítmény alkalmazása javasolt akkor is, ha bizonyított mellékhatás miatt csak kisebb adag sztatin szedése lehetséges, amely mellett nem sikerült a célérték elérése
37109146;99487;3;Perifériás érbetegség miatt műtéten átesett beteg számára, igen nagy kardiovaszkuláris rizikó és hyperlipidaemia esetén, ha legalább 20 mg rosuvastatinnal vagy legalább 40 mg atorvastatinnal folytatott három hónapos kezelést követően laborkontroll alapján nem sikerült a kívánt célérték elérése (LDL 1,8 mmol/l, össz. Chol. 3,5 mmol/l), vagy amennyiben bizonyíthatóan sztatin intolerancia (CK emelkedés, egyértelműen sztatin terápiára visszavezethető szignifikáns májfunkció eltérés) áll fenn. Az ezetimibe hatóanyagú készítmény alkalmazása javasolt akkor is, ha bizonyított mellékhatás miatt csak kisebb adag sztatin szedése lehetséges, amely mellett nem sikerült a célérték elérése
36975761;99287;1;"Kizárólag szekunder profilaxisban, amennyiben a megelőző kemoterápiás ciklusban grade 3-4-es fokozatú neutropéniához társulóan az alábbiak közül valamelyik neutropéniás komplikáció következett be:_x000d_
- neutropénia miatti antibiotikus vagy antimikotikus kezelés;_x000d_
- neutropénia miatti hospitalizáció;_x000d_
- neutropénia miatti dózishalasztás vagy dóziscsökkentés;_x000d_
- febrilis neutropénia._x000d_
"
36976005;99290;3;Tumoros hypercalcaemia, de kizárólag a készítmény alkalmazási előírásában szereplő javallatok figyelembevételével
36976006;99290;4;Malignus tumor következtében fellépő csontmetasztázisok
36976007;99290;5;Myeloma multiplex ossealis manifestatiói
36976024;99291;1;A 8. d) 1., 8. d) 2. és 8) e. pont alatti infúziós kezelések hatásának fenntartására vagy önálló terápiaként - ha a betegnél nem szükséges parenterális biszfoszfonát kezelés, akkor anélkül is
36976084;99292;1;Rosszindulatú daganatos betegségben a daganatellenes kezelés (kemoterápia, sugárkezelés) okozta hányás csillapítása
36976102;99293;1;Rosszindulatú daganatos betegségben a ciszplatin-alapú erősen emetogén (ciszplatin dózis nagyobb, mint 50 mg/m2) daganatellenes kezelés okozta hányinger és hányás megelőzése és kezelése azokban az esetekben, amikor a korábbi kemoterápia során alkalmazott serotonin-antagonista készítmények hatástalannak bizonyultak, ondansetron injekcióval és per os szteroiddal kombinálva
36976126;99294;1;Malignus folyamatokhoz társuló anorexia-cachexia syndroma, az alapbetegség cytostatikus illetve sugaras kezelése alatt vagy ennek előkészítése céljából
36976127;99294;2;Malignus folyamatokhoz társuló anorexia-cachexia syndroma, ha a beteg eredeti testtömegének 10%-át 3 hónap alatt elvesztette
36976128;99294;3;Malignus folyamatokhoz társuló anorexia-cachexia syndroma, ha a beteg más szerekkel 3 hónapig végzett kezelése nem eredményezte a testtömeg szükséges növekedését.
36976154;99295;1;Essentialis thrombocytaemia kezelésére, ha más kezeléssel nem érhető el a megfelelő thrombocytaszám-csökkenés, vagy gyógyszer okozta súlyos mellékhatás (lábszárfekély, bőrfekély), vagy túlérzékenység jelentkezik
36976376;99301;1;Krónikus vastúlterhelés, amennyiben transzfúzió okozta haemosiderosis, vagy idiopathiás (primer) haemochromatosis, vagy porphyria cutanea tardaval  együttjáró vastúlterhelés áll fenn
36975716;99284;1;"Aromatáz-inhibítorral kombinálva hormonreceptor-pozitív, humán epidermális növekedési faktor 2 (HER2)-_x000d_
negatív, lokálisan előrehaladott vagy metasztatikus emlőrákos betegek kezelésére, akik korábban még nem_x000d_
részesültek aromatáz-inhibítor vagy CDK4/6-gátló kezelésben előrehaladott betegségükre. Pre- vagy_x000d_
perimenopausában lévő nők esetében az endokrin terápiát luteinizáló hormon-releasing hormon (LHRH)_x000d_
agonistával kell kombinálni."
37112859;99516;20;Polyarteritis nodosa
37112860;99516;21;Kawasaki szindróma
37112861;99516;22;Psoriasis  beleértve arthropathiás formáját is
37112862;99516;23;Pemphigus
37112863;99516;24;Dermatitis herpetiformis Duhring
37112864;99516;25;Hypertrophiás lichen ruber planus
37112865;99516;26;Necrobiosis lipoidica
37112866;99516;27;Sjörgen szindróma nyálmirigy duzzanatos és extraglanduláris tünetekkel járó formái
37112867;99516;28;Kevert kötőszöveti betegség
37112868;99516;29;Wegener-gramulomatosis
37112869;99516;30;Mikroszkópos polyangiitis
37112870;99516;31;Churg-Strauss szindróma
37112871;99516;32;Takayasu-arteritis
37112872;99516;33;Kevert cryoglobulinaemia
37112873;99516;34;Nem-differenciált autoimmun betegség az adott készítmény alkalmazási előírásában szereplő javallatokban
37113059;99517;1;Nyílt-zugú glaukoma egyéb terápiára rezisztens dokumentált esetei
37113092;99518;1;Nyílt-zugú glaukoma kezelésére olyan betegek részére, akiknél a 22/a. pontban felsorolt gyógyszerekkel szemben orvosilag dokumentált konzerválószer intolerancia áll fenn.
37113117;99519;1;Dializált vesebetegek uraemiás osteodystrophia
37113118;99519;2;Krónikus veseelégtelenséget kísérő osteopathia
37113119;99519;3;Tubularis osteopathiák
37113120;99519;4;D-vitamin-rezisztens osteomalacia
37113150;99520;1;Tehéntej és szójafehérje iránti együttes túlérzékenység, 1-6 éves életkorban
37113176;99521;1;Tehéntejfehérje iránti túlérzékenység, 12 hónapos és 6 éves életkor között
37113266;99523;1;Degeneratív nagyízületi, illetve gerincbetegségek súlyos, más szerekkel nem befolyásolható fájdalmának kezelésére
37113371;99525;1;Cisztás fibrózis (mucoviscidosis)
37113396;99526;1;Humán előkevert inzulinkezelés alatt álló cukorbeteg részére kétszeri, vagy intenzív mix terápia (IMT) részeként háromszori adagolás formájában, amennyiben a posztprandiális vércukorszint dokumentáltan többszöri mérés alkalmával meghaladja a 10,0 mmol/l értéket, vagy dokumentáltan gyakori, tüneteket okozó hypoglikaemia jelentkezik, illetve az intenzifikált inzulinkezelés (bázis/bólus, ICT) nem preferált.
37113460;99527;1;ECHO ultrahang vizsgálattal bizonyított szisztolés diszfunkcióval társuló, NYHA II-IV stádiumú, krónikus szívelégtelenségben szenvedő olyan betegeknél, akiknek sinus ritmusuk van, és akiknek a szívfrekvenciája > egyenlő 75/perc, béta-blokkolót is magába foglaló standardkezelés mellett, vagy olyan esetekben, amikor a béta-blokkolók alkalmazása ellenjavallt vagy a beteg nem tolerálja azt
37113461;99527;2;Invazív vagy non-invazív módszerekkel igazolt krónikus stabil angina pectoris tüneti  kezelésére sinus ritmusban, ha kombinált antianginás kezelés ellenére tachycardia okozta recurrens angina  fennáll béta-blokkolót is magába foglaló standardkezelés mellett, vagy olyan esetekben, amikor a béta-blokkolók alkalmazása ellenjavallt vagy a beteg nem tolerálja azt
37113546;99528;1;"- Az alkalmazási előírás szerinti csökkent balkamra-funkcióval rendelkező szívelégtelenségben szenvedő beteg, aki tolerálja a mineralokortikoid-receptor-antagonista kezelést, de gynaecomastia vagy emlőfájdalom mellékhatás miatt nem tolerálja a spironolakton-kezelést (a fájdalomskálán elért pontszám dokumentáltan 4 vagy a feletti; hétköznapi életvitelét jelentősen megnehezíti), illetve a fizikális vizsgálattal az emlő megnagyobbodása (>4 cm), érzékenysége tapasztalható."
37113562;99529;1;"Szisztémás szklerózisban másodlagos Raynaud-szindrómával vagy fennálló digitális fekélybetegségben_x000d_
szenvedő betegeknél, akik:_x000d_
- korábban részesültek kálcium-csatorna blokkoló vagy pentoxifillin kezelésben, vagy ezekre_x000d_
kontraindikáltak, illetve intoleránsak_x000d_
- első észleléskor vagy követés során 1 éven belül >/= 3 heg van jelen/keletkezett vagy 1 éven belül 1 aktív,_x000d_
fájdalmas fekélye van/volt_x000d_
- vagy ujjperc felszívódás klinikai vagy radiológiai jelei megjelentek."
37113670;99531;1;"- Olyan NYHA besorolás szerint II-es, vagy III-as stádiumú, tünetekkel járó, csökkent ejekciós frakciójú_x000d_
(LVEF<35%,) krónikus szívelégtelenségben szenvedő felnőtt betegek kezelésére, akik korábban progresszív_x000d_
szívelégtelenség miatt rehospitalizációra kerültek, azaz legalább kétszer kórházi kezelésben részesültek, és_x000d_
akiknek az állapota legalább egy éven keresztül tartó, maximálisan tolerálható ACE-gátló (ACE gátló intolerancia_x000d_
esetén ARB) és béta-blokkoló kezelés, illetve amennyiben nem ellenjavallt, mineralokortikoid receptor_x000d_
antagonista kezelés ellenére nem javult._x000d_
További kezelési feltételek:_x000d_
- Szisztolés vérnyomás >100 Hgmm_x000d_
- eGFR>30ml/perc_x000d_
- se K < 5,2 mmol/L_x000d_
- Örökletes vagy idiopátiás angio-ödéma nem lehet a kórelőzményben_x000d_
- Súlyosan károsodott májműködés; biliaris cirrózis és kolesztázis kizáró feltételek_x000d_
- N-terminális pro-BNP [NT-proBNP] > 600 pg/mL ? vagy NT-proBNP >/= 400 pg/ml, ha a beteg 12 hónapon belül_x000d_
szívelégtelenség miatt hospitalizálva volt"
36640004;98904;1;Térdízületi arthrosis súlyos, folyadékgyülemmel járó esetei
36642206;98909;1;Az 5 év alatti gyermekek antibiotikummal történő kezelésére
36656437;98933;1;Dializált, fehérje, elektrolit- és folyadékbevitelben korlátozott betegek részére, akik magas energiatartalmú étrendkiegészítést és fehérjepótlást igényelnek.
36656940;98937;1;Vénás thromboemboliás esemény elsődleges megelőzése céljából elektív, teljes csípőízületi endoprotézis esetén maximum 30 napig, teljes térdízületi endoprotézis esetén maximum 15 napig, felnőtt korú betegek részére
36657265;98939;1;6 év és 18 év közötti betegek számára, vagy legfeljebb középiskolai tanulmányaik befejezéséig, akiknél a DSM-IV kritériumai vagy a BNO-10 irányelvei alapján felállított hiperaktivitás-figyelemzavar szindróma (ADHD), illetve hiperkinetikus zavar diagnózis szerint gyógyszeres kezelésre van szükség
36657667;98943;1;Inzulin kezelésben részesülő cukorbeteg részére ismétlődő eszméletvesztéssel járó hypoglycaemia esetén
36661728;98949;1;Közepes thromboemboliás kockázattal járó, kórházi bentfekvést nem igénylő trauma esetén a vénás thromboemboliás esemény elsődleges megelőzésére profilaktikus dózisban a kockázat fennállásának idejére, de maximum 10 napig
36662096;98951;1;Nagy és az igen nagy thromboemboliás kockázattal járó, kórházi bentfekvést nem igénylő trauma esetén a vénás thromboemboliás esemény elsődleges megelőzésére profilaktikus dózisban a kockázat fennállásának idejére, de maximum három hónapig
36668947;98956;1;Lennox-Gastaut szindróma, maximum hat hónapig
36669111;98957;1;Lennox-Gastaut szindróma - valproatra, lamotriginre, topiramatra vagy ezek kombinációjára dokumentált rezisztencia esetén - egy évig
36687347;98973;1;Dokumentált aktív rheumatoid arthritis egyéb terápiára dokumentáltan rezisztens súlyos eseteiben az adott készítmény alkalmazási előírásában szereplő javallatok figyelembevételével
36687348;98973;2;Dokumentált arthropathia psoriatica, egyéb terápiára dokumentáltan rezisztens súlyos eseteiben az adott készítmény alkalmazási előírásában szereplő javallatok figyelembevételével
36687349;98973;3;Dokumentált psoriasis, egyéb terápiára dokumentáltan rezisztens súlyos eseteiben az adott készítmény alkalmazási előírásában szereplő javallatok figyelembevételével
36687350;98973;4;Dokumentált atopiás dermatitis, egyéb terápiára dokumentáltan rezisztens súlyos eseteiben az adott készítmény alkalmazási előírásában szereplő javallatok figyelembevételével
36687351;98973;5;Dokumentált Bechet-kór syndroma, egyéb terápiára dokumentáltan rezisztens súlyos eseteiben az adott készítmény alkalmazási előírásában szereplő javallatok figyelembevételével
36687352;98973;6;Dokumentált aktív endogén uveitis egyéb terápiára dokumentáltan rezisztens súlyos eseteiben az adott készítmény alkalmazási előírásában szereplő javallatok figyelembevételével
36687353;98973;7;Dokumentált aktív juvenilis idiopathias arthritis esetében az adott készítmény alkalmazási előírásában szereplő javallatok figyelembevételével
36687535;98976;1;T3-hyperthyreosis esetében, hyperthyreotikus terhes és szoptató anyáknak, valamint thiamazollal (Metothyrin) szemben kialakult dokumentált intolerancia esetén
36687871;98978;1;Hormonális szint vizsgálatával dokumentált hypogonadizmus súlyos eseteiben, az életkorból adódó csökkent tesztoszteron-képzést kivéve
36694554;98997;1;Tüneti szerekkel nem befolyásolható, szövettanilag igazolt kollagén colitisben, napi 9 mg-s adagban 8 hétig, hisztológiai vizsgálattal igazolt remisszió esetén a kezelés tovább folytatható tünetektől függően lehetőleg csökkentett adagban (3-6 mg/nap)
36688906;98980;1;A kórelőzményben szereplő, dokumentált darázs-, méhméreg vagy fűkeverék allergia okozta generalizált anaphylaxiás reakció esetén, intenzív osztályos háttérrel rendelkező intézetben
36690839;98984;1;Tehéntejfehérje iránti túlérzékenység, 0-12 hónapos életkorban
36690840;98984;2;Tehéntej és szójafehérje iránti együttes túlérzékenység, 0-1 éves életkorban
36691539;98986;1;Tehéntejfehérje iránti túlérzékenység, 6 hónapos és 1 éves életkor között
36694154;98993;1;Microsporia capitis
36694155;98993;2;Trichophytia profunda
36593720;98790;1;Tetanusz profilaxis dokumentáltan szükséges eseteiben
36596405;98795;2;Perifériás őssejt gyűjtés esetén
36596404;98795;1;Rosszindulatú daganatos betegség miatt végzett kemoterápia/irradiáció során fellépő súlyos lázas neutropénia esetén, vagy olyan esetben, ha a lázas neutropénia kockázata a 20%-ot meghaladja
36694873;99000;1;Szövettanilag és/vagy laparoszkóppal igazolt endometriosis
36596406;98795;3;Csontvelő átültetésben részesülő betegek, akik hosszan tartó, súlyos neutropeniának lehetnek kitéve
36596744;98797;1;Rosszindulatú daganatos betegek fájdalomcsillapítása,  WHO szerint I. fájdalomcsillapító lépcsőbe tartozó szerként, az adott készítmény alkalmazási előírásában szereplő javallatokban
36598166;98798;1;Rosszindulatú daganatos betegek fájdalomcsillapítása,  WHO szerint II. fájdalomcsillapító lépcsőbe tartozó szerként, az adott készítmény alkalmazási előírásában szereplő javallatokban
36600645;98799;1;Rosszindulatú daganatos betegek fájdalomcsillapítása,  WHO szerint III. fájdalomcsillapító lépcsőbe tartozó szerként, az adott készítmény alkalmazási előírásában szereplő javallatokban
36604023;98803;1;"Csontrendszert érintő események (patológiás csonttörés, a csontok besugárzása, gerincvelő kompresszió vagy csontműtét) megelőzése prosztata tumor csontáttéteiben szenvedő felnőtteknél progresszióig (csontszcintigráfia és CT-vel vagy MR-el detektált változás), amennyiben a betegnél az Eü100 8/d2. pont alapján rendelhető készítmény _x000d_
"
36604024;98803;2;dokumentáltan ellenjavallt vagy túlérzékenység miatt nem alkalmazható
36604025;98803;3;alkalmazása során akut-fázis reakció alakul ki [a kezelés első 3 napján fellépő, lázzal (>=38 C) kísért, hát- vagy ízületi vagy csontfájdalom formájában],
36604026;98803;4;alkalmazása nem javasolt súlyos vesekárosodás (kreatinin-clearance < 30 ml/perc) vagy a kreatinin-clearance 30-60 ml/perc esetén, vagy az alkalmazási előírás alapján alkalmazandó csökkentett dózis ellenére romló vesefunkció esetén, vagy,
36604027;98803;5;legalább 3 hónapig történő alkalmazása során a csontfolyamat progrediál.
36604587;98804;1;Szövettanilag igazolt emlőrák csontáttétekkel
36604588;98804;4;Tumoros hypercalcaemia
36605133;98808;1;"A megelőző 3 hónapban az e pont alá tartozó gyógyszerrel kezelt beteg részére, illetve azon beteg részére, akinél az EÜ 100 8/h2. pontra besorolt készítményekkel szemben intolerancia áll fenn, vagy az adott készítmények kontraindikáltak_x000d_
- szervre lokalizált prosztatarák sugárkezelésekor:_x000d_
   a) közepes kockázat esetén neoadjuváns/konkomittáns/adjuváns formában 3 hó - maximum 6 hónapig,_x000d_
   b) magas kockázat esetén neoadjuváns/konkomittáns/adjuváns formában 3 hó - maximum 3 évig;_x000d_
- lokálisan előrehaladott prosztatarák kezelésekor kiemelten magas rizikójú prosztatarák esetén:_x000d_
   a) ha a beteg alkalmatlan sebészeti vagy sugárkezelésre,_x000d_
   b) sebészeti kezelést megelőzően neoadjuvánsként maximum 3 hónapig,_x000d_
   c) sugárkezeléskor neoadjuváns/konkomittáns/adjuváns formában 3 hó - maximum 3 évig;_x000d_
- bármely kockázat esetén nyirokcsomó pozitivitáskor (N+);_x000d_
- metasztatikus prosztatarákban szenvedő betegeknél;_x000d_
- kuratív kezelés után fellépő progresszió esetén;_x000d_
androgen deprivációs hormonterápiaként, maximum 1 hónapos bevezető antiandrogén kezelés mellett, onkoteam (urológus, klinikai onkológus, sugárterápiás szakorvos) dokumentált javaslata alapján."
36605244;98809;1;"A megelőző 3 hónapban az Eü100 8/h1. pont alá tartozó gyógyszerrel nem kezelt beteg (új beteg) részére_x000d_
- szervre lokalizált prosztatarák sugárkezelésekor:_x000d_
  a) közepes kockázat esetén neoadjuváns/konkomittáns/adjuváns formában 3 hó - maximum 6 hónapig,_x000d_
  b) magas kockázat esetén neoadjuváns/konkomittáns/adjuváns formában 3 hó - maximum 3 évig;_x000d_
- lokálisan előrehaladott prosztatarák kezelésekor kiemelten magas rizikójú prosztatarák esetén:_x000d_
  a) ha a beteg alkalmatlan sebészeti vagy sugárkezelésre,_x000d_
  b) sebészeti kezelést megelőzően neoadjuvánsként maximum 3 hónapig,_x000d_
  c) sugárkezeléskor neoadjuváns/konkomittáns/adjuváns formában 3 hó - maximum 3 évig;_x000d_
- bármely kockázat esetén nyirokcsomó pozitivitáskor (N+);_x000d_
- metasztatikus prosztatarákban szenvedő betegeknél;_x000d_
- kuratív kezelés után fellépő progresszió esetén;_x000d_
androgen deprivációs hormonterápiaként, maximum 1 hónapos bevezető antiandrogén kezelés mellett, onkoteam (urológus, klinikai onkológus, sugárterápiás szakorvos) dokumentált javaslata alapján."
36607242;98810;1;Tamoxifen kezelés után kialakult relapsus vagy tamoxifen intolerancia esetén dokumentált hormonreceptor pozitív emlődaganatos, postmenopauzában levő betegek kezelése
36608914;98811;1;Postmenopauzában lévő, hormonreceptor pozitív korai emlőrákos beteg adjuváns kezelése
36609698;98812;1;Postmenopauzában lévő, hormonreceptor pozitív korai emlőrákos beteg adjuváns kezelése standard tamoxifen terápiát követő szekvenciális kezelésként
36609823;98813;1;Lokálisan, lokoregionálisan előrehaladott vagy metasztatikus, hormonreceptor pozitív emlőrákban, tamoxifen és aromatase-gátló - vagy ha a beteg korábban tamoxifent nem kapott, aromatase-gátló - kezelés után bekövetkező progresszió (elváltozások méretének 25%-os növekedése, vagy új gócok megjelenése) esetén
36610563;98815;1;" Az alapbetegséggel összefüggő, tünetekkel járó, lokálisan előrehaladott hormondependens prosztatarák kezelésére antiandrogennel_x000d_
a) maximum 1 hónapos bevezető terápiaként LHRH-analóg mellett, vagy_x000d_
b) metasztázis nélküli (M0) betegek esetén szekunder hormonkezelés céljából monoterápiaként emelt dózisban;"
36610564;98815;2;"Áttétes hormondependens prosztatarák kezelésére antiandrogennel maximum 1 hónapos bevezető terápiaként LHRH-analóg mellett;"
36610565;98815;3;"Addicionális hormonmanipuláció céljából antiandrogennel azon betegeknél, akiknél az adekvát szérum tesztoszteron-csökkenést (<50 ng/dl vagy 1,7 nmol/l) nem lehetett elérni gyógyszeres vagy sebészi kasztráció által;"
36610566;98815;4;onkoteam (urológus, klinikai onkológus, sugárterápiás szakorvos) dokumentált javaslata alapján
36610808;98816;1;"Hólyagtumor alacsony és közepes kockázatú eseteiben az  intravesicalis instilláció céljára a  finanszírozási _x000d_
eljárásrendekről szóló miniszteri rendeletben meghatározott finanszírozási eljárásrend alapján"
36611826;98820;1;Citosztatikus kezelés okozta hányás esetén, amennyiben az a 8. n) 1. pont szerinti gyógyszerekkel nem befolyásolható
36612003;98822;1;Emlő rosszindulatú daganat daganatellenes oki terápiája az adott készítmény alkalmazási előírásában szereplő javallatokban
36612004;98822;2;Endometrium rosszindulatú daganat daganatellenes oki terápiája az adott készítmény alkalmazási előírásában szereplő javallatokban
36612204;98824;1;B-sejtes krónikus lymphoid leukemiában (CLL)  megfelelő biológiai állapot fennállása esetén első vonalbeli kombinációs terápia részeként 25 mg/m2 dózisban, vagy monoterápiában, amennyiben kombinációs terápia ellenjavallt
36612205;98824;2;B-sejtes krónikus lymphoid leukemiában (CLL)  másodvonalbeli kezelés, amennyiben alkiláló ágenst tartalmazó kezelés ellenére terápiarezisztencia vagy progresszió igazolható
36616513;98832;1;Mánia, a 10/b1-10/b2. pontban felsorolt szerekre dokumentáltan nem reagáló, vagy ezeket a szereket nem toleráló betegek esetében
36619277;98833;1;Mánia, a 10/b1-10/b3. pontban felsorolt szerekre dokumentáltan nem reagáló, vagy ezeket a szereket nem toleráló beteg esetében
36621813;98839;1;Amyotrophiás lateral sclerosis klinikailag és electromyographias (EMG) vizsgálattal dokumentált eseteiben
36621895;98840;1;Diabetes insipidus
36622058;98841;1;Diabetes insipidus, desmopressin hatóanyagú orrcsepp igazolt hatástalansága esetén
36622257;98842;1;Veleszületett mellékvese hypoplasia 18 éves korig
36625595;98850;2;Anyatej hiánya esetén, annak pótlására 2500 g testsúly alatti kis testtömegű újszülöttnek, illetve koraszülöttnek  a 3000 g testsúly eléréséig
36625640;98851;1;Terhes anyák részére, szerológiailag igazolt toxoplasmosisban
36626781;98855;1;Igazolt Paget kór kezelése, két évente egy alkalommal
36631203;98876;1;Végstádiumú veseelégtelenség fenntartó dialízisterápiája során kialakult szekunder hyperparathyreosis kezelése, amennyiben szérum iPTH 500-800 pg/ml között van, és a szérum Ca >2,4 mmol/l és a CaxP >4,44 mmol2/l2, vagy a szérum iPTH>800 pg/ml és a mellékpajzsmirigy sebészeti eltávolítása kontraindikált
36634134;98883;1;Súlyos tünetekkel járó (vérvizelés, súlyos vizelési panaszok, klinikailag bizonyítottan az alapbetegséggel összefüggő csontfájdalmak), lokálisan előrehaladott vagy áttétes hormondependens prostatarák kezelésére (Gleason score: >= 3-4, TNM klasszifikáció: N0-1, M0-1) onkoteam (urológus, klinikai onkológus, sugárterápiás szakorvos) dokumentált javaslata alapján, egyidejű antiandrogén terápia mellőzésével 
36634135;98883;2;Hormondependens prostatarák sugárterápiája esetén adjuvans és neoadjuvans formában onkoteam (urológus, klinikai onkológus, sugárterápiás szakorvos) dokumentált javaslata alapján, egyidejű antiandrogén terápia mellőzésével
36634136;98883;3;Radikális prostatectomiát követő relapsusok kezelésére onkoteam (urológus, klinikai onkológus, sugárterápiás szakorvos) dokumentált javaslata alapján, egyidejű antiandrogén terápia mellőzésével
36635175;98886;1;"Rekurreáló vagy súlyos (hasmenés napi 10-szer vagy többször fordul elő, vagy 15001 >/= fehérvértest/mcgL) clostridium difficile fertőzések kezelésére_x000d_
      - metronidazol és vankomicin kezelés eredménytelensége, illetve rezisztencia esetén, vagy_x000d_
      - immunszupprimált beteg részére, vagy_x000d_
      - olyan beteg részére, akinél a fertőzés miatt fel kellene függeszteni az onkológiai vagy hematológiai kezelést."
36636790;98892;1;N. meningitidis C szerocsoportja által okozott invazív megbetegedés megelőzése céljából 2 éves korig
36637550;98896;1;Kezdeti endokrin-alapú kezelésként, egy aromatáz-inhibitorral kombinálva, a postmenopausában lévő nőknél a hormonreceptor (HR)-pozitív, humán epidermális növekedési faktor-receptor 2 (HER2)-negatív, lokálisan előrehaladott vagy metasztatizáló emlőrák kezelésére
37111533;99502;1;Hangulatzavarok, neurotikus, stresszhez társuló és szomatoform rendellenességek, valamint bulimia nervosa diagnózisa esetén, de kizárólag az adott készítmény alkalmazási előírásában szereplő javallatokban
37111795;99503;1;Hangulatzavarok, neurotikus, stresszhez társuló és szomatoform rendellenességek, valamint bulimia nervosa diagnózisa esetén, a 7/a1. pontban felsorolt szerekre dokumentáltan nem reagáló, vagy ezeket a szereket nem toleráló beteg részére, de kizárólag az adott készítmény alkalmazási előírásában szereplő javallatokban
37111975;99504;1;Hangulatzavarok, neurotikus, stresszhez társuló és szomatoform rendellenességek, valamint bulimia nervosa diagnózisa esetén, a 7/a2. pontban felsorolt szerek közül legalább két különböző hatóanyagú gyógyszerre dokumentáltan nem reagáló, vagy ezeket a szereket nem toleráló beteg részére, de kizárólag az adott készítmény alkalmazási előírásában szereplő javallatokban
37112003;99505;1;Bipoláris affektív zavar és szkizoaffektív zavar, de kizárólag az adott készítmény alkalmazási előírásában szereplő javallatokban
37112055;99506;1;Bipoláris affektív zavar és szkizoaffektív zavar, a 7/b1. pontban felsorolt szerekre dokumentáltan nem reagáló, vagy azt nem toleráló beteg részére, de kizárólag az adott készítmény alkalmazási előírásában szereplő javallatokban
37112196;99507;1;Bipoláris affektív zavar és szkizoaffektív zavar, a 7/b1. és 7/b2. pontokban felsorolt szerekre dokumentáltan nem reagáló, vagy azt nem toleráló beteg részére, de kizárólag az adott készítmény alkalmazási előírásában szereplő javallatokban
37112217;99508;1;Tic zavar
37112330;99509;1;Az adott készítmény alkalmazási előírásában szereplő neurológiai javallatokban
37112340;99510;1;Koleszterin-epekövek oldása az epehólyagban.
37112341;99510;2;Primer biliaris cirrhosis tüneti kezelése, amennyiben dekompenzált májcirrózis nem áll fenn
37112353;99511;1;Colitis ulcerosa
37112354;99511;2;Crohn-betegség
37112355;99511;3;Rheumatoid arthritis
37112470;99512;1;Colitis ulcerosa, salazopyrin intolerancia, illetve jelentős szisztémás szteroid mellékhatás esetén az életkorra vonatkozó indikációs megkötések és az adott készítmény alkalmazási előírásában szereplő javallatok figyelembevételével
37112471;99512;2;Crohn-betegség, salazopyrin intolerancia, illetve jelentős szisztémás szteroid mellékhatás esetén az életkorra vonatkozó indikációs megkötések és az adott készítmény alkalmazási előírásában szereplő javallatok figyelembevételével
37112733;99513;1;A szervtranszplantált vagy más patogenetikus ok miatt immunszupprimált beteg vírus és gombafertőzése esetén
37112745;99514;1;Tehéntejfehérjével szemben vagy kizárólagos anyatejes táplálás esetén anyai diéta ellenére fennálló súlyos allergia - súlyos növekedésbeli elmaradás, fehérjevesztéses enteropathia, véres széklet, szövettannal igazolt enteropathia, súlyos ulceratív colitis, súlyos atópiás dermatitis (10 pont feletti SCORAD), akut gégeödéma vagy bronchiális obstrukció nehézlégzéssel, 1 éves korig
37112746;99514;2;Rövidbél szindróma, 1 éves korig
37112747;99514;3;Extensíven hidrolizált tápszerrel szembeni intolerancia (tünetek perzisztálása vagy súlyosbodás) esetén, 1 éves korig
37112775;99515;1;Hypadrenia
37112840;99516;1;Szisztémás lupus erythematosus
37112841;99516;2;Lupus erythematosus
37112842;99516;3;Autoimmun krónikus aktív hepatitis
37112843;99516;4;Lupoid hepatitis
37112844;99516;5;Autoimmun hemolitikus anémia
37112845;99516;6;Idiopáthiás trombocytopéniás purpura
37112846;99516;7;Reumás láz
37112847;99516;8;Nem gennyes thyroiditis
37112848;99516;9;Crohn-betegség
37112849;99516;10;Colitis ulcerosa
37112850;99516;11;Gluténszenzitív enteropathia
37112851;99516;12;Rheumatoid arthritis más szervek ill. szervrendszerek érintettsége esetén is
37112852;99516;13;Fiatalkori izületi gyulladás
37112853;99516;14;Szisztémás sclerosis
37112854;99516;15;Dermatomyositis
37112855;99516;16;Polymyositis
37112856;99516;17;Myasthenia gravis
37112857;99516;18;Polymyalgia rheumatica
37112858;99516;19;Spondylitis ankylopoetica
37106045;99435;1;A 8. g) 1. pont szerinti esetekben, dokumentált bromocriptin rezisztencia, illetve intolerancia esetén
37106061;99436;1;Fej-nyaki területen rosszindulatú daganatok miatt végzett sugárkezeléshez csatlakozó xerostomia kezelése
37106149;99437;1;Cisztás fibrózis (mucoviscidosis)
37106218;99439;1;Mánia
37106255;99440;1;Mánia, a 10/b1. pontban felsorolt szerekre dokumentáltan nem reagáló, vagy ezeket a szereket nem toleráló mániás betegek esetében
37106288;99441;1;Organikus hallucinózis, katatónia, illetve paranoid zavar
37106359;99442;1;Organikus hallucinózis, katatónia, illetve paranoid zavar,  a 10/c1. pontban felsorolt szerekre dokumentáltan nem reagáló, vagy ezeket a szereket nem toleráló betegek esetében
37106387;99443;1;Mentális retardáció diagnózisa esetén a magatartászavarok kezelése
37106449;99444;1;Mentális retardáció diagnózisa esetén a magatartászavarok kezelésére a 10. d) 1. pontban felsorolt szerekre dokumentáltan nem reagáló, vagy ezeket a szereket nem toleráló beteg részére.
37106503;99445;1;Epilepszia
37106534;99446;1;Kortikoszteroid kezelésre rezisztens gyermekkori nephrosis szindróma esetén
37106568;99447;1;Kortikoszteroid kezelésre rezisztens nephrosis szindróma esetén
37106633;99448;1;Veleszületett aminosav anyagcserezavarok
37106956;99449;1;Phenylketonuria dokumentált esetei
37106957;99449;3;Hyperphenylalaninaemia dokumentált esetei
37106972;99450;1;Igazolt és dokumentált galactosaemia, 6 éves korig
37106989;99451;1;Szövettanilag igazolt és dokumentált glutén túlérzékenység, 18 éves korig
37107000;99452;1;Glucose-galactose malabsorptio
37107144;99455;1;Teljes vagy részleges hasnyálmirigy-eltávolítás esetén
37107224;99456;1;Enyhe és középsúlyos Alzheimer-betegség, ha a szakmai protokoll szerinti átvizsgálás dokumentáltan megtörtént és a Mini-Mental Teszt értéke 10-26 pont között van, abban az esetben, ha a Mini-Mental Teszt pontérték csökkenése egy éven belül nem haladja meg a 3 pontot
37107280;99457;1;Középsúlyos és súlyos Alzheimer-betegség, ha a szakmai protokoll szerinti átvizsgálás dokumentáltan megtörtént és a Mini-Mental Teszt értéke 20 pont alatt van
37107315;99458;1;Dokumentált 2-es típusú cukorbetegség esetén, orális antidiabetikus kezelés kiegészítésére bázisinzulin terápiaként, amennyiben legalább 3 hónapig tartó orális antidiabetikum kezelés mellett a beállított medikáció ellenére a megfelelő anyagcserehelyzet (HbAlc<7.0%) nem volt elérhető.
37107337;99459;1;Dokumentált 2-es típusú cukorbetegség esetén, amennyiben diétával, testsúly-csökkenéssel, életmódváltoztatással és metformin terápiával, legalább 3 hónapig tartó alkalmazása ellenére a megfelelő szénhidrátanyagcsere-háztartás (HbAlc<7.0%) nem volt elérhető, metforminnal kombinálva, vagy metformin-intolerantia, kontraindikáció esetén monoterápiában, amennyiben éhomi <8,0 mmol/l vércukor mellett a posztprandriális vércukorérték emelkedés meghaladja a 30%-ot és a szulfanilureával történő kombinációs terápiától fokozott hypoglicaemia veszélye várható.
37107379;99460;1;Dokumentált 2-es típusú cukorbetegség esetén, amennyiben diétával, testsúly-csökkenéssel, életmódváltoztatással és metformin terápiával, legalább 3 hónapig tartó alkalmazás ellenére a megfelelő szénhidrátanyagcsere-háztartás (HbAlc<7.0%) nem volt elérhető, metforminnal kombinálva, vagy metformin-intolerantia, kontraindikáció esetén szulfonilureával kombinálva, amennyiben éhomi <8,0 mmol/1 vércukor mellett a posztprandriális vércukorérték emelkedése meghaladja a 30%-ot és az inzulinkezelés nem preferált.
37107451;99461;1;Dokumentált cukorbetegség esetén azon beteg részére, akinél a kezelés megkezdésének feltételei az EÜ100 2. vagy az EÜ100 3. pont szerint megfelelőek, azonban a beállított terápia ellenére a kezelés folytatásának az EÜ100 2. vagy EÜ100 3. pont szerinti feltételei nem teljesíthetők. 
37107807;99465;1;Dokumentált 2-es típusú cukorbetegségben, amennyiben életmód-terápia és metformin-kezelés legalább 3 hónapig tartó alkalmazása ellenére a megfelelő szénhidrátanyagcsere-helyzet (HbA1c<7%) nem volt elérhető, metforminnal kombinálva vagy metformin-intolerantia, -kontraindikáció esetén szulfonilureával kombinálva, kettős/hármas kombinációs kezelés esetén az adott gyógyszer(ek) alkalmazási előírásában meghatározott kombinációs lehetőségek szerint. (A kombinációs készítmények önmagukban is megfelelnek a metforminnal, illetve a szulfonilureával való kombináció feltételének.)
37107841;99467;1;Akut koronária szindróma (instabil angina, NSTEMI, STEMI), perkután endovasculáris intervencióját követően, amennyiben a clopidogrel terápia nem preferált
37107842;99467;2;Agyi és végtagi artériás keringési zavarban szenvedő betegek cerebro- és cardiovascularis akut ischemiás komplikációinak prevenciója céljából
37107843;99467;3;Cerebrovascularis betegségek, perifériás artériás obstrukció secunder prevenciójára dokumentált ASA allergia, ASA rezisztencia, műszeres vizsgálattal igazolt ASA-non-responsio, valamint ASA alkalmazása mellett kialakult endoscoppal, vagy Weber-vizsgálattal igazolt gastrointestinalis vérzés, ASA-indukálta asthmaroham esetén
37107988;99469;1;Teljes vagy részleges hasnyálmirigy-eltávolítás
37107989;99469;2;Dokumentáltan súlyos maldigestio
37108074;99471;1;A rosszindulatú daganatos betegségek dokumentált ossealis manifesztációja
37108240;99472;1;Rheumatoid arthritis - az adott készítmény alkalmazási előírásában szereplő életkori korlátozások figyelembe vételével, az ott szereplő javallatokban
37108241;99472;2;Spondylitis ankylopoetica - az adott készítmény alkalmazási előírásában szereplő életkori korlátozások figyelembe vételével, az ott szereplő javallatokban
37108242;99472;3;Arthritis psoriatica - az adott készítmény alkalmazási előírásában szereplő életkori korlátozások figyelembe vételével, az ott szereplő javallatokban
37108243;99472;4;Súlyos nagyizületi arthrosis - az adott készítmény alkalmazási előírásában szereplő életkori korlátozások figyelembe vételével, az ott  szereplő javallatokban
37108244;99472;5;Akut arthritis urica vagy krónikus arthritis urica akut exacerbatioja - az adott készítmény alkalmazási előírásában szereplő életkori korlátozások figyelembe vételével, az ott szereplő javallatokban
37835245;100962;1;Újonnan diagnosztizált, glioblastoma multiformeban (RPA III-IV.), (KPS>70) sebészeti beavatkozást követően, vagy inoperabilitás esetén sebészeti beavatkozás nélkül, az indikációt igazoló szövettani vizsgálat eredményeinek ismeretében
37835246;100962;2;Progrediáló malignus gliomákban  (glioblastoma multiforme RPA III-IV., anaplasztikus astrocytoma, oligodendroglioma, oligo-astrocytoma Grade III.)  (KPS>70) standard kezelést (sebészi, radio- és kemoterápia) követően képalkotó eljárással igazolt recidíva, illetve progresszió esetén, az indikációt igazoló szövettani vizsgálat eredményeinek ismeretében
37835339;100963;1;Idiopathiás pulmonalis fibrosisban (IPF) szenvedő felnőttek kezelésére
37378176;99922;1;"Progresszív, lokálisan előrehaladott vagy áttétes, differenciált (papillaris, follicularis, Hürthle sejtes) pajzsmirigy carcinomában szenvedő betegek kezelésére, akik refrakterek a radioaktív jódkezelésre, amennyiben az alábbi kritériumok fennállnak, onkoteam dokumentált javaslata alapján_x000d_
    - 18 évnél idősebb beteg_x000d_
    - az elmúlt 16 hónapon belül progrediált RECIST szerint (Response Evaluation Criteria in Solid Tumours - terápiás válasz értékelési kritériumok szolid tumorok esetén)_x000d_
    - legalább 1 mérhető RECIST lézió_x000d_
    - performance status ECOG 0-2_x000d_
    - megfelelő máj, vese és hematológiai paraméterek_x000d_
    - szérum TSH alacsonyabb, mint 0,5 mlU/L"
37387900;99953;1;Enyhe és középsúlyos A hemofiliában vagy von Willebrand betegségben, spontán vérzés kezelésére vagy a vérzés megelőzésére kis műtétek esetén
37343169;99851;1;Transzplantált beteg részére az adott készítmény alkalmazási előírásában szereplő javallatokban
37345053;99854;1;Cisztás fibrózis (mucoviscidosis) dokumentált középsúlyos és súlyos tüdőmanifesztáció esetei
37347145;99862;1;Felnőttkori idiopátiás pulmonalis arteriás hipertóniában (IPAH) szenvedő betegek részére, amennyiben az EÜ100 31/a. pont alapján rendelhető valamely gyógyszer legalább 3 hónapos alkalmazása, majd ezt követően az EÜ100 31/b. pont alapján rendelhető valamely gyógyszer legalább 3 hónapos alkalmazása során a terápiás válasz nem volt megfelelő (perzisztáló NYHA/WHO III-as funkcionális stádiumú IPAH), a kedvező terápiás hatás fennállásáig
37376974;99913;1;Krónikus vastúlterhelés kezelése 6 éves és idősebb, béta-thalassaemia majorban  szenvedő betegnek, aki több mint 7 ml/kg/hónap vörösvértest-koncentrátumot kap, amennyiben a deferoxamin-kezelés ellenjavallt vagy elégtelen
37376975;99913;2;A 2-5 év közötti beteg számára, akinél a vastúlterhelés nem transzfúziós okú, hanem a vérszegénységgel együtt járó tartós haemolysis miatt alakul ki, amennyiben a deferoxamin-kezelés ellenjavallt vagy elégtelen
37376976;99913;3;A nagy mennyiségű (7 ml/ttkg/hó értéket elérő vagy azt meghaladó) vörösvértest-koncentrátumot igénylő, transzplantációs listára került myelodysplasia (MDS) szindrómás beteg részére, haemosiderosis kivédése céljából, amennyiben a deferoxamin-kezelés ellenjavallt vagy elégtelen
37376977;99913;4;"Nemzetközi prognosztikai index alapján kedvező prognózisú (a várható élettartama 3 évnél hosszabb) gyakori transzfúziót (7 ml/ttkg/hó értéket elérő vagy azt meghaladó vörösvértest koncentrátum) kapó MDS-ben szenvedő betegek részére, ahol a csontvelői myeloblaszt arány nem haladhatja meg az 10%-ot, s a cytogenetikai vizsgálat eredménye normális vagy abban kedvező eltérések vannak (nem támogathatók az 5 és 7 chromosoma vesztéssel járó esetek), a kezelést 2000 ng/ml-es ferritin szint elérésekor lehet elkezdeni_x000d_
"
37377028;99914;1;Végstádiumú veseelégtelenség fenntartó dialízisterápiája során kialakult szekunder hyperparathyreosis  kezelése, amennyiben a beteg szérum iPTH 500-800 pg/ml között van, és a konvencionális aktív D-vitamin kezelést dokumentáltan meg kellett szakítani a szérum kalciumszint normál szint fölé emelkedése miatt (Ca>2,4 mmol/l) vagy normokalcaemia esetén (Ca<2,4 mmol/l), ha a szérum iPTH>800 pg/ml és a mellékpajzsmirigy sebészeti eltávolítása kontraindikált
37375876;99906;1;Auxológiai, biokémiai és radiológiai vizsgálattal igazolt, és kétféle GH provokációs teszttel (a csúcskoncentráció 10 ng/ml, azaz 30 mE/l alatt van) megerősített gyermekkori GH-hiány kezelése a gyermek végső magasságának eléréséig (csontkor), vagy a kezelésre adott nem megfelelő válaszig (egy év alatt kevesebb mint 2 cm növekedés)
37375877;99906;2;Kromoszóma-vizsgálattal vagy molekuláris genetikai vizsgálattal (FISH) igazolt Turner-szindróma kezelése a gyermek végső magasságának eléréséig (csontkor), vagy a kezelésre adott nem megfelelő válaszig (egy év alatt kevesebb, mint 2 cm növekedés)
37375878;99906;3;Operált craniopharyngeomás gyermek kezelése a gyermek végső magasságának eléréséig (csontkor), vagy a kezelésre adott nem megfelelő válaszig (egy év alatt kevesebb, mint 2 cm növekedés)
37375879;99906;4;Pubertás kor előtt, optimalizált táplálkozási és anyagcsere státusz mellett fennálló krónikus veseelégtelenséggel összefüggő növekedési zavar kezelése  a vese-transzplantáció elvégzéséig , vagy a gyermek végső magasságának eléréséig (csontkor), vagy a kezelésre adott nem megfelelő válaszig (egy év alatt kevesebb, mint 2 cm növekedés)
37375880;99906;5;Felnőttkorban (>18 éves életkor) kórismézett, hypothalamus-hypophysis betegség, vagy annak kezelése következtében létrejövő súlyos GH hiányban szenvedő beteg részére, amennyiben provokációs tesztekkel (inzulin hypoglikémiás teszt, arginin teszt, arginin-GHRH teszt, glucagon teszt) 3 ng/ml (<3mcg/l) alatti szérum GH csúcskoncentráció igazolható (GH hiány mellett - prolactint leszámítva - még legalább egy hypophysis mellsőlebeny hormon-elégtelenség kimutatható, vagy gyermekkorban kezdődő GH-hiány újraértékelése esetén egy provokációs teszt, felnőttkori izolált GH-hiány esetén második stimulációs teszt elvégzése szükséges) és a GH-hiányhoz társuló egyéb hypophysis hormonhiány pótlása megkezdődött (a kortizol, illetve a nemi hormonok adagjának stabilizálása három, a tiroxin adagjának stabilizálása egy hónappal a GH kezelés megkezdése előtt szükséges)
37376225;99909;1;Újonnan diagnosztizált Philadelphia kromoszóma pozitív (Ph+) akut lymphoblastos leukémiás (ALL) felnőtt beteg kezelése kemoterápiával kiegészítve a betegség progressziójáig
37376226;99909;2;Recidivált vagy refrakter Ph+ ALL-es  felnőtt beteg kezelésére monoterápiában a betegség progressziójáig
37376264;99910;1;Gastrointestinális stromából kiinduló (GIST), nem rezekálható vagy metasztatikus malignus tumorok kezelése, amennyiben az Eü100 8/t. pont szerinti (c-kit mutáció meghatározás) molekuláris diagnosztikai vizsgálat eredményeinek ismeretében az imatinib kezeléssel szemben bizonyítottan rezisztencia vagy intolerancia áll fenn
37344961;99853;1;Kit (CD117) pozitív, nem műthető, illetve metasztatikus malignus gastrointestinalis stromalis daganatban (GIST) az indikációt igazoló szövettani és a c-kit gén mutációt meghatározó molekuláris diagnosztikai vizsgálat eredményeinek ismeretében
37377134;99917;1;Endokrin tünetekkel járó, előrehaladott stádiumú (inoperabilis, metasztatikus vagy progrediáló) mellékvesekéreg-carcinoma tüneti kezelése kombinációs kemoterápia részeként  három hónapig, ezt követően -  progressziómentesség esetén - a klinikai remisszió fennállásáig
37378097;99920;1;Másodvonalban alkalmazott gyógyszeres terápiára rezisztens (rohamszám-redukció 50% alatt) 1-14 év közötti epilepsziás gyermekek ketogen diétájának bevezetésére, folyamatos szakorvosi és dietetikus szakember általi kontroll mellett, amennyiben egy hónapos terápiát követő kontrollvizsgálat már  igazolja a hatásosságot és három hónapos terápiát követően a rohamszám-redukció 50% felett van, legfeljebb két évig
37377567;99919;1;Szerzett immunhiányos állapot (HIV/AIDS)
37374081;99898;1;Szövettanilag igazolt, más gyógyszeres kezelésre nem reagáló endometriosis
37374110;99899;1;Herediter angiooedema akut rohamainak kezelésére
37344921;99852;1;Szerv transzplantáción átesett betegek részére CMV betegség megelőzésére fenyegető rejectio (GVH) esetén
37344922;99852;2;CMV retinitis indukciós és fenntartó kezelésére szerzett immunhiányos állapotban (AIDS-ben)
37374196;99901;1;Dializált beteg  részére, ha lágyrészmeszesedése, 1,86 mmol/l-nál magasabb foszfor szintje, 2,5 mmol/l-nél magasabb korrigált kalcium szintje, 4,4 mmol2/l2-nél magasabb a kalcium és foszfor szorzata, 150-300 pg/ml közötti intakt parathormon szintje van, a csontanyagcsere-zavar, illetve életet veszélyeztető lágyrészmeszesedés megelőzésére
37374230;99902;1;A felnőttkori idiopátiás pulmonalis arteriás hipertónia (IPAH)  perzisztáló NYHA/WHO III-as funkcionális stádiumú eseteiben és sclerodermában kialakuló pulmonalis arteriás hipertóniában  előzetesen szupportív szerekkel (antikoagulánssal, diuretikummal, digoxinnal) kezelt, vazoreaktivitást vazodilatátor teszttel nem mutató, vagy vazoreaktív, de kálcium csatorna-blokkoló kezelésre nem reagáló eseteiben
37374287;99903;1;A felnőttkori idiopátiás pulmonalis arteriás hipertónia (IPAH) perzisztáló NYHA/WHO III-as funkcionális stádiumú eseteiben és sclerodermában kialakuló pulmonalis arteriás hipertóniában, amennyiben az EÜ100 31/a. pont alapján rendelhető valamely gyógyszer 3 hónapos alkalmazása során nem érték el a megfelelő terápiás hatást, a remisszió fennállásáig
37374331;99904;1; Idiopátiás pulmonalis arteriás hipertónia (IPAH) perzisztáló NYHA/WHO III-as funkcionális stádiumú eseteiben és sclerodermában  kialakuló pulmonalis arteriás hipertóniában előzetesen szupportív szerekkel (antikoagulánssal, diuretikummal, digoxinnal) kezelt, vazoreaktivitást vazodilatátor teszttel nem mutató, vagy vazoreaktív, de kálcium csatorna-blokkoló kezelésre nem reagáló eseteiben, 12-18 éves kor között a remisszió fennállásáig
37374332;99904;2;Veleszületett, a szisztémás keringés felől a pulmonális keringés felé irányuló sönthöz és Eisenmenger szindrómához  társuló pulmonalis artériás hipertónia NYHA/WHO III-as funkcionális stádiumú eseteiben 12 éves kor felett a remisszió fennállásáig
37378202;99923;2;"_x000d_
Olyan súlyos (eddigi kezelésekre nem reagáló), krónikus spontán urticariában szenvedő 12 év feletti betegek kezelésére, akik esetében_x000d_
-legalább 6 hónappal ezelőtt diagnosztizáltak urticariát, _x000d_
-definíció szerint kizárt a pseudoallergiás, a gyógyszer- és egyéb allergiák, valamint a fertőző gócok szerepe a csalánkiütés hátterében,_x000d_
-legalább 2 féle antihisztamin kezelést alkalmaztak, amelyből a beteg egyet a maximálisan tolerálható emelt dózisban kapott legalább egy hónapig, _x000d_
-egyéb harmadik vonalbeli terápiát alkalmaztak, de a beteg nem reagált rá megfelelően vagy nem tolerálta annak mellékhatásait,_x000d_
-a tünetek jelenleg is aktívak és súlyosak (UAS7>=28 és DLQI>10)._x000d_
A terápia a 12. hét után akkor folytatható, amennyiben az UAS7 szerint mért betegség tünetei legalább 10 ponttal javultak a 12. heti kezelés végére._x000d_
"
37377052;99915;1;Intermedier vagy előrehaladott, barcelónai klasszifikáció szerinti (Barcelona Clinic Cancer Staging Classification - BCLC) B, C stádiumú, szövettanilag igazolt hepatocellularis carcinoma kezelése, jó májfunkció (Child Pugh szerinti A stádiumú) és megfelelő általános állapot (ECOG 0-2) esetén, amennyiben az előzetes lokoregionális terápia nem hoz megfelelő eredményt, vagy a beteg lokoregionális terápiára nem alkalmas, az onkoteam dokumentált döntése alapján, a WHO-kritériumok szerinti progresszióig
37114096;99533;1;Akut myocardialis infarctust követő teljes medikáció (ACE-gátló, béta-receptor blokkoló, diuretikum, nitrát) ellenére fennálló szimptómás szívelégtelenség  (NYHA III-IV., LVEF <40%) kiegészítő terápiájaként.
37142730;99631;1;Az 1 év alatti gyermekek K-vitaminnal történő kezelésére.
37105648;99427;1;Inzulinkezelésre szoruló (önmagában vagy orális antidiabetikum mellett) cukorbeteg
37105695;99428;1;Legalább 3 hónapig humán intenzifkált inzulinkezelés alatt álló (naponta három vagy több alkalommal  inzulinkezelésre szoruló) 1-es vagy 2-es típusú diabetesben szenvedő cukorbeteg részére, amennyiben a beállított  terápia ellenére megfelelő szénhidrátanyagcsere-háztartást (HbA1c<8,0%) nem lehetett elérni, vagy megfelelő  életmód-terápia mellett az  étkezés után 60-90 perccel mért posztprandriális vércukorszint érték havonta négy alkalommal meghaladja a 10,0 mmol/l értéket, vagy havonta legalább 3 alkalommal - az orvosi dokumentációban feltüntetett - korrekciót igénylő hypoglikaemia jelentkezik.
37105696;99428;2;Három hónapnál rövidebb ideig humán intenzifkált inzulinkezelés alatt álló cukorbeteg részére, ha legalább  egy - az  orvosi dokumentációban feltüntetett - súlyos (az elhárításhoz külső segítséget igénylő) hypoglikaemia jelentkezik.
37105697;99428;3;2-es típusú cukorbetegségben szenvedő beteg esetében a  gyógyszer alkalmazása egy év után csak akkor folytatható, ha a szakorvosi javaslat kiállítását megelőző egy éven belül három - legalább két hónap különbséggel mért - HbA1c értéke közül kettő 8,0% alatt van. (A gyógyszer alkalmazása a HbA1c értéktől függetlenül akkor is folytatható, ha a betegnek legalább egy - az orvosi dokumentációban feltüntetett - súlyos, az elhárításhoz külső segítséget igénylő hypoglikaemiás eseménye volt.)
37105698;99428;4;"A fenti feltételek alapján végzett kezelést követően, 2-es típusú cukorbetegségben szenvedő beteg esetében _x000d_
-  legalább egy évig humán intenzifkált inzulinkezelés alatt álló (naponta három vagy több alkalommal inzulinkezelésre szoruló) cukorbeteg részére, amennyiben a  beállított terápia ellenére megfelelő szénhidrátanyagcsere-háztartást (HbA1c<8,0%) nem lehetett elérni, vagy megfelelő életmód-terápia mellett az  étkezés után 60-90 perccel mért posztprandriális vércukorszint érték havonta négy alkalommal meghaladja a  10,0 mmol/l értéket, vagy havonta legalább 3 alkalommal - az  orvosi dokumentációban feltüntetett - korrekciót igénylő hypoglikaemia jelentkezik._x000d_
-  legalább fél évig az  Eü50 6/d.  pont alapján kezelt cukorbeteg részére, amennyiben a  szakorvosi javaslat kiállítását megelőzően legalább két hónap különbséggel mért HbA1c értéke közül kettő 8,0% alatt van."
37105699;99428;5;A kezelés további fenntartására a fenti szabályok vonatkoznak.
37105743;99429;1;Legalább 3 hónapig humán intenzifkált inzulinkezelés alatt álló (naponta három vagy több alkalommal inzulinkezelésre szoruló) 1-es vagy 2-es típusú diabetesben szenvedő cukorbeteg részére, amennyiben a beállított terápia ellenére megfelelő szénhidrátanyagcsere-háztartást (HbA1c<8,0%) nem lehetett elérni, vagy havonta legalább 3 alkalommal - az orvosi dokumentációban feltüntetett - korrekciót igénylő hypoglikaemia jelentkezik.
37105744;99429;2;Három hónapnál rövidebb ideig humán intenzifkált inzulinkezelés alatt álló cukorbeteg részére, ha legalább egy - az  orvosi dokumentációban feltüntetett - súlyos (az elhárításhoz külső segítséget igénylő) hypoglikaemia jelentkezik.
37105745;99429;3;2-es típusú cukorbetegségben szenvedő beteg esetében a  gyógyszer alkalmazása egy év után csak akkor folytatható, ha a szakorvosi javaslat kiállítását megelőző egy éven belül három - legalább két hónap különbséggel mért - HbA1c értéke közül kettő 8,0% alatt van. (A gyógyszer alkalmazása a HbA1c értéktől függetlenül akkor is folytatható, ha a betegnek legalább egy - az orvosi dokumentációban feltüntetett - súlyos, az elhárításhoz külső segítséget igénylő hypoglikaemiás eseménye volt.)
37105746;99429;4;"A fenti feltételek alapján végzett kezelést követően, 2-es típusú cukorbetegségben szenvedő beteg esetében_x000d_
-  legalább egy évig humán intenzifkált inzulinkezelés alatt álló (naponta három vagy több alkalommal inzulinkezelésre szoruló) cukorbeteg részére, amennyiben a  beállított terápia ellenére megfelelő szénhidrátanyagcsere-háztartást (HbA1c<8,0%) nem lehetett elérni, vagy havonta legalább 3 alkalommal - az orvosi dokumentációban feltüntetett - korrekciót igénylő hypoglikaemia jelentkezik._x000d_
- legalább fél évig az  Eü50 6/d.  pont alapján kezelt cukorbeteg részére, amennyiben a  szakorvosi javaslat kiállítását megelőzően legalább két hónap különbséggel mért HbA1c értéke közül kettő 8,0% alatt van._x000d_
"
37105747;99429;7;A kezelés további fenntartására a fenti szabályok vonatkoznak.
37105767;99430;1;Myasthenia gravis
37105778;99431;1;Házi oxigénellátásban részesülő beteg részére - dokumentáltan szükséges esetben, a beteg részére történő betanítással és átadással
37105806;99432;1;Tartós házi oxigénellátásban részesülő beteg részére, akinek életvitelében dokumentáltan jelentős javulást eredményez az oxigéngázhoz képest, a beteg részére történő betanítással és átadással
37106017;99434;1;Hyperprolactinaemia
37106018;99434;2;Infertilitás
37106019;99434;3;Acromegalia
37106020;99434;4;Galaktorrhoea
37106021;99434;5;Prolactinoma
37838393;100974;1;Táplálékfelvétel és utilizáció súlyos károsodásával járó kórképek esetén orális táplálásra  - beleértve a rosszindulatú betegségeket is
37838528;100975;1;Táplálékfelvétel és utilizáció súlyos károsodásával járó kórképek esetén - beleértve a rosszindulatú betegségeket is - szonda táplálásra
37836250;100967;1;Citarabinnal és daunorubicinnel kombinálva olyan korábban nem kezelt, kedvező és intermedier prognózisú genetikai csoportban tartozó, de novo, CD33-pozitív akut myeloid leukaemiában szenvedő 15 év feletti betegeknél alkalmazható, akik alkalmasak kuratív célzatú indukciós kezelésre.
37836944;100969;1;Újonnan diagnosztizált, FLT3-mutáció-pozitív, akut myeloid leukaemiában (AML) szenvedő felnőtt betegek kezelésére, standard daunorubicin és citarabin indukciós és nagy dózisú citarabin konszolidációs kemoterápiával kombinálva, amelyet a teljes választ adó betegeknél egy monoterápiában adott midosztaurin fenntartó kezelés követ.
37837287;100972;1;Vashiány kezelése (anémiával vagy anélkül) olyan krónikus szívelégtelenségben szenvedő NYHA II-III stádiumú betegeknél, akiknél a bal kamrai ejekciós frakció (EF) értéke < 45%.
37837357;100973;1;"Acut coronaria syndromás betegek alcsoportjai (instabil anginás diabetes mellitusos betegek; valamennyi nem ST elevációs infarctuson és ST elevációs infarctuson átesett beteg) közül mindazoknál, akiknél percutan coronaria intervenció és stent beültetés történt, és clopidogrel allergia vagy laboratóriumilag igazolt non-reszponzió vagy igazolt diabetes mellitus áll fenn vagy stent trombózist szenvedett el, egy éven keresztül."
37838577;100976;1;Közepesen súlyos/súlyos tünetekkel járó méhfibrómák időszakos kezelésére olyan menopauzát el nem ért felnőtt nők esetében, akik számára a méhfibróma embolizációja és/vagy a műtéti kezelési lehetőségek nem megfelelőek vagy azok kudarcot vallottak
37837008;100970;1;Allogén vérképző őssejt-átültetést követően, CMV-szeropozitív [R+], cytomegalovirus reaktiváció és betegség megelőzésére nagykockázatú betegek számára a transzplantációt követő +100. napig
38605117;103162;3;Az egészségügyi szolgáltatások Egészségbiztosítási Alapból történő finanszírozásának részletes szabályairól szóló 43/1999. (III. 3.) Korm. rendelet szerinti intézményi regisztrációs listán szereplő, bizonyítottan meddő párok asszisztált reprodukciós kezeléséhez
38605118;103162;4;A *-gal jelölt gyógyszerek az Országos Gyógyszerészeti és Élelmezés-egészségügyi Intézet által, a 2005. évi XCV. törvény 25. § (6) bekezdése alapján kiadott engedély birtokában rendelhetőek kiemelt támogatással
37974231;101397;1;"In vitro és/vagy in vivo diagnosztikával igazolt, klinikai tüneteket okozó túlérzékenység gyakran allergizáló_x000d_
táplálékra, gyógyszerre, rovarméregre abban az esetben, ha súlyos szisztémás reakció szerepel a kórtörténetben_x000d_
illetve bármilyen okból (foglakozás, környezet) nagy az anaphylaxia veszélye."
37974302;101398;1;"In vitro és/vagy in vivo diagnosztikával igazolt, klinikai tüneteket okozó túlérzékenység gyakran allergizáló_x000d_
táplálékra, gyógyszerre, rovarméregre."
37973538;101394;1;"Hosszútávú, elsődleges vagy másodlagos megelőzésként folyamatos alvadásgátló kezelés szükségessége esetén_x000d_
- malignus daganatban szenvedő beteg részére egyéb járulékos thrombogén tényező (immobilitás, kemoterápia,_x000d_
hormonterápia, angiogenezis-gátló, thalidomid vagy lenalinomid kezelés, a daganat, annak áttétje vagy_x000d_
nyirokpangás által okozott érkompresszió) fennállásának időtartamára, valamint korábbi vénás thromboembóliás_x000d_
epizódot követően,_x000d_
- várandósság idején hosszútávú K-vitamin antagonistával végzett kezelés folytatásaként, ha az előzményben_x000d_
provokáló tényező nélkül vagy ösztrogén kezelés miatt kialakult vénás thromboembolia vagy a várandósság_x000d_
során kialakult vénás thromboembolia szerepel, továbbá amennyiben a családi anamnézisben pozitív és_x000d_
ismert homozigóta FV Leiden vagy homozygota homozigóta FII G20210A pontmutáció, kombinált örökletes_x000d_
thrombosiskészség, klinikai és laboratóriumi definíciónak megfelelő antifoszfolipid betegség van,_x000d_
- az Eü90 4/a1., 4/b1. vagy 4/c1. indikációs pont szerinti legalább 3 hónapos megszakítás nélküli járóbeteg-ellátás_x000d_
keretében történő terápia folytatásaként a kockázat fennállásának idejére, amennyiben K-vitamin antagonisták_x000d_
adása ellenjavallt vagy K-vitamin antagonisták adása mellett legalább grade II. súlyosságú gastrointestinalis_x000d_
vagy hepaticus mellékhatás, vasculitis, cumarin necrosis, blue toe syndroma, normális vasforgalmi adatok mellett_x000d_
kifejezett hajhullás, INR érték alapján nem túladagolásból adódó vérzés vagy splanchnicus vagy vena hepatica_x000d_
thrombosis jelentkezik."
37973607;101395;1;Előrehaladott Parkinson-kór esetén A Parkinson betegségcsoport diagnosztikájának és kezelésének finanszírozási eljárásrendjében meghatározottak szerint.
37848383;100995;1;Acut coronaria szindrómás betegek (ST elevációs és nem ST elevációs infarktuson átesett betegek, instabil anginás betegek) közül mindazoknál, akik krónikus veseelégtelenségben szenvednek (kreatinin clearance <60 ml/perc).
38196355;101919;3;Spondylitis ankylopoetica
38196343;101919;1;Crohn betegség
38196354;101919;2;Felnőttkori súlyos (18 éves kor felett, Mayo score > vagy = 9) colitis ulcerosa
38196356;101919;4;Aktív, súlyos arthritis psoriatica
38196357;101919;5;Súlyos tünetekkel (PASI  > vagy = 15 vagy BSA > vagy = 10 vagy DLQI > vagy = 10) járó plakkos psoriasis
38196358;101919;6;Rheumatoid arthritis (több mint 4 ACR kritérium legalább 3 hónapja)
38196359;101919;7;Juvenilis idiopáthiás arthritis.
38196407;101920;1;A megelőző 3 hónapban e pont alá tartozó gyógyszerrel kezelt beteg részére, illetve azon beteg részére, akinél az EÜ77/a1. pontra besorolt készítményekkel szemben intolerancia áll fenn, vagy az adott készítmények kontraindikáltak, vagy az adott készítmények mellett a beteg progrediált, a finanszírozási eljárásrendekben meghatározottak szerint.
38196408;101920;2;- Crohn betegség
38196409;101920;3;- Felnőttkori súlyos (18 éves kor felett, Mayo score > vagy = 9) colitis ulcerosa
38265357;101986;1;Közepesen súlyos vagy súlyos tünetekkel járó méhfibrómák kezelésére fogamzóképes korú felnőtt nők esetén.
38196410;101920;4;- Spondylitis ankylopoetica
38196411;101920;5;-  Aktív, súlyos arthritis psoriatica
38196412;101920;6;- Súlyos tünetekkel (PASI  > vagy = 15 vagy BSA > vagy = 10 vagy DLQI > vagy = 10) járó plakkos psoriasis
38196413;101920;7;- Rheumatoid arthritis (több mint 4 ACR kritérium legalább 3 hónapja)
38196432;101920;8;- Juvenilis idiopáthiás arthritis.
38573169;103152;1;Súlyos szemszárazság kezelésére, ha az eddig rendelkezésre álló kezelési lehetőségek dokumentáltan nem vezettek javuláshoz, és a következők együttesen fennállnak: Schirmer teszt <5,0mm, a cornea fluorescein festődése (CFS) >/= 3 (Oxford séma szerint), és a Szemfelszíni Betegség Kérdőívre (OSDI) adott pontszám  >/= 33. Súlyos szubjektív panaszok esetén, enyhébb klinikai tünetek mellett is alkalmazható immunológiailag igazolt autoimmun megbetegedések esetén. A kezelés során a fenti vizsgálati paramétereket (Schirmer teszt, cornea festődés, Szemfelszíni Betegség Kérdőív) 6 havonta ellenőrizni szükséges a hatás illetve a javulás megállapítása érdekében.
38552244;103057;1;Daganatos betegségek kezelésére, az adott készítmény alkalmazási előírásában szereplő javallatokban
38552498;103059;1;Rosszindulatú daganatos megbetegedéshez társuló, tünetekkel járó, nem kuratív célú kemoterápiával összefüggő anémia kezelésére - a finanszírozási eljárásrend szerint
38552543;103060;1;Krónikus veseelégtelenség mellett fellépő táplálkozási fehérjehiány esetén, amennyiben az eGFR 30 ml/perc értéknél kevesebb és az előírt fehérjebevitel maximum 40 g, a diéta kiegészítéseként
38553323;103061;1;Metasztatizáló vesesejtes karcinóma (MRCC) kezelésére - a finanszírozási eljárásrend szerint
38553442;103062;1;Dokumentáltan súlyos immun (idiopátiás) trombocytopeniás purpurában (ITP) szenvedő felnőtt, valamint a készítmény alklamazási előiratában meghatározott 18 év alatti gyermek betegek részére (vérlemezkeszám 30x109/l alatt van és/vagy fokozott a vérzési rizikó), ha korábbi gyógyszeres terápiára tartósan nem reagált. A kezelést fel kell függeszteni, ha a vérlemezkeszám négyheti, maximális adag alkalmazása mellett sem éri el a klinikailag jelentős vérzés elkerüléséhez szükséges szintet.
38553545;103065;1;Dokumentált terápiarezisztens depresszió esetén azon betegek részére, akiknek az aktuális, közepesen súlyos vagy súlyos depresszív epizódja nem reagált legalább két különböző antidepresszánssal végzett kezelésre.
38553587;103066;1;Wilson-kór kezelésére olyan felnőtteknél, serdülőknél és 5 éves vagy idősebb gyermekeknél, akiknél a D-penicillamin kezelés során a kezelés azonnali felfüggesztését indokló, dokumentáltan súlyos mellékhatás jelentkezett
38553633;103067;1;Homozigóta familiáris hypercholesterinaemia kezelésére
38553804;103071;1;"Polycythaemia verában (PV) szenvedő, felnőtt betegek kezelésére, akik dokumentáltan rezisztensek vagy intoleránsak legalább 3 hónapos  hidroxikarbamid (hidroxiurea, HU) kezelésre. Amennyiben a 32. héten végzett laboratóriumi vizsgálat során a hematocrit > 45% vagy a thrombocytaszám > 400 G/l vagy a fehérvérsejtszám >10 G/l , a terápiát fel kell függeszteni.  _x000d_
A terápia leállítandó, ha legalább 28 napnyi kezelést követően, legalább két hónapig, havi 2 E-nyi vörösvérsejt transzfúziós igény mutatkozik, vagy legalább grade 3 szintű trombocitopenia, anémia, vagy vérzés lép fel.  Relabáló a beteg, ha legalább 3 hónapos kezelés mellett a lép újra megnövekszik, amelyet a léptérfogat <10 %-os vagy a lépméret <30 %-os csökkenése jellemez a kezdeti választ követően. _x000d_
"
38553696;103069;1;Relabáló vagy refrakter, FLT3-ITD  mutációval rendelkező akut myeloid leukémiában (AML) szenvedő felnőtt betegek kezelésére, monoterápiaként. A haemopoeticus-őssejttranszplantáció (HSCT) utáni fenntartó kezelésként a terápia nem adható.
38553852;103073;1;"Primer myelofibrosisban, polycythaemia vera utáni myelofibrosisban vagy essentialis thrombocythaemia utáni myelofibrosisban szenvedő felnőttek betegséggel összefüggő splenomegaliájának vagy tüneteiknek kezelésére, ruxolitinib kezelést követően, annak ellenjavallata vagy hatástalansága esetén. _x000d_
Amennyiben a  24. héten a lép kiindulási térfogatához viszonyított, képalkotó vizsgálattal igazoltan >/= 35%-os csökkenés nem mutatható ki, a terápiát hatástalanság miatt fel kell függeszteni, kivéve azon betegeknél, akiknek betegsége során a lépvéna vagy véna portae krónikus thrombosia következett be. _x000d_
Intolerancia miatt a terápia leállítandó, ha legalább 28 napnyi kezelést követően, legalább két hónapig, havi 2 E-nyi vörösvérsejt transzfúziós igény mutatkozik, vagy legalább grade 3 szintű trombocitopenia, anémia, vagy vérzés lép fel.  Refrakter betegnél a terápia leállítandó amennyiben 3 hónapos kezelés mellett a léptérfogat <10 %-os vagy a lépméret <30 %-os csökkenése jellemező_x000d_
"
38553828;103072;1;"Primer myelofibrosisban vagy polycythaemia vera utáni myelofibrosisban vagy essentialis thrombocythaemia utáni myelofibrosisban szenvedő felnőtt betegek betegséggel összefüggő splenomegaliájának kezelésére. Amennyiben a 24. héten a lép kiindulási térfogatához viszonyított, képalkotó vizsgálattal igazoltan ? 35%-os csökkenés nem mutatható ki, a terápiát fel kell függeszteni. _x000d_
A terápia leállítandó, ha legalább 28 napnyi kezelést követően, legalább két hónapig, havi 2 E-nyi vörösvérsejt transzfúziós igény mutatkozik, vagy legalább grade 3 szintű trombocitopenia, anémia, vagy vérzés lép fel.  Relabáló a beteg, ha legalább 3 hónapos kezelés mellett a lép újra megnövekszik, amelyet a léptérfogat <10 %-os vagy a lépméret <30 %-os csökkenése jellemez a kezdeti választ követően, kivéve azon betegeknél, akiknek betegsége során a lépvéna vagy véna portae krónikus thrombosia következett be. _x000d_
"
38554445;103077;1;Schizophrenia esetén a finanszírozási eljárásrend alapján
38557351;103078;1;Schizophrenia esetén a finanszírozási eljárásrend alapján
38554446;103077;2;Schizotypiás és paranoid (delusiv) rendellenességek esetén
38557352;103078;2;Schizotypiás és paranoid (delusiv) rendellenességek esetén
38560616;103087;1;Oszteoporózis következtében kialakuló csonttörés primer és secunder prevenciója céljából alkalmazható a kalcium- és D-vitamin pótlására - a finanszírozási eljárásrend szerint
38557706;103079;1;Krónikus aktív hepatitis B kezelésére - a meghatározott finanszírozási eljárásrend alapján
38554169;103075;1;Hólyagtumor magas kockázatú eseteiben intravesicalis instilláció céljára és in situ carcinomában a finanszírozási eljárásrend alapján.
38554033;103074;1;Prosztatarákban szenvedő férfiak kezelésére a finanszírozási eljárásrend alapján
38554241;103076;1;Nem-kissejtes tüdőrák (NSCLC) kezelésére a finanszírozási eljárásrend alapján
38560002;103085;1;Philadelphia kromoszóma (bcr-abl átrendeződés) pozitív (Ph+) krónikus myeloid leukaemia (CML) kezelésére - a meghatározott finanszírozási eljárásrend alapján, az adott készítmény alkalmazási előírásának megfelelően
38558408;103081;1;Sclerosis multiplex esetén a meghatározott finanszírozási eljárásrend alapján
38560278;103086;1;Philadelphia kromoszóma (bcr-abl átrendeződés) pozitív (Ph+) krónikus myeloid leukaemia (CML) másodvonalbeli kezelésére - a meghatározott finanszírozási eljárásrend alapján
38561411;103089;1;Aktív, előrehaladott myeloma multiplex kezelésére a meghatározott finanszírozási protokoll eljárásrend szerint
38561252;103088;1;Metasztatizáló vesesejtes karcinóma (MRCC) kezelésére - interferon vagy IL-2 kezelést követően, a folyamat WHO kritériumok szerint definiált progressziójáig - a meghatározott finanszírozási eljárásrend alapján
38561558;103090;1;Perzisztáló súlyos eozinofil asthma bronchiale kiegészíto kezelése céljából - a meghatározott finanszírozási eljárásrend (felnottkori asthma bronchiale) alapján
38558908;103083;1;Atherothromboticus és thromboemboliás események primer és secunder prevenció céljából alkalmazható - a finanszírozási eljárásrend szerint
38558738;103082;1;Coronariascleroticus stabil angina pectoris, komplex antianginás kezelés mellett ismétlődő anginiform panaszok fennállása esetén - a finanszírozási eljárásrend szerint
38566715;103104;1;Asthma bronchiale kezelésére a finanszírozási eljárásrendek alapján
38562135;103092;1;Parenterális biszfoszfonát oszteoporotikus csonttörések primer prevenciója céljából alkalmazható, amennyiben az EÜ70 9a/2. pontban meghatározott oralis  biszfoszfonát ellenjavallt, vagy dokumentált intolerancia vagy a kezelést hátrányosan befolyásoló egyéb tényező miatt nem folytatható - a finanszírozási eljárásrend szerint
38561978;103091;1;Orális biszfoszfonát oszteoporotikus csonttörések primer prevenciója céljából alkalmazható - a finanszírozási eljárásrend szerint
38562168;103093;1;Az oszteoporotikus csonttörések primer prevenciója céljából alkalmazható, amennyiben az EÜ70 9a/2. vagy az EÜ70 9a/3. pontban meghatározott kezelés ellenjavallt, vagy azzal szemben dokumentált intolerancia lép fel, vagy a készítmény legalább 12 hónapon át történő alkalmazása nem volt eredményes - a finanszírozási eljárásrend szerint
38562548;103094;1;Orális biszfoszfonát oszteoporotikus csonttörések szekunder prevenciója céljából alkalmazható - a finanszírozási eljárásrend szerint
38562705;103095;1;Parenterális biszfoszfonát oszteoporotikus csonttörések szekunder prevenciója céljából alkalmazható, amennyiben az EÜ70 9b/1. pontban meghatározott oralis  biszfoszfonát ellenjavallt, vagy dokumentált intolerancia vagy a kezelést hátrányosan befolyásoló egyéb tényező miatt nem folytatható - a finanszírozási eljárásrend szerint
38562786;103096;1;Az oszteoporotikus csonttörések szekunder prevenciója céljából alkalmazható, amennyiben az EÜ70 9b/1. vagy az EÜ70 9b/2. pontban meghatározott kezelés ellenjavallt, vagy azzal szemben dokumentált intolerancia lép fel, vagy a készítmény legalább 12 hónapon át történő alkalmazása nem volt eredményes - a finanszírozási eljárásrend szerint
38562865;103097;1;NYHA besorolás szerint II-IV funkcionális osztályú, tünetekkel járó, csökkent ejekciós frakciójú (LVEF<40%,) krónikus szívelégtelenségben szenvedő felnőttek kezelésére.
38562939;103098;1;Dokumentált idült vesebetegség  kezelésére (eGFR-értéke >/= 25  -  >/= 75 ml/perc/1,73 m2  és albuminuriájuk van (3mg/mmol felett), amennyiben már a beteg angiotenzin konvertáló enzim-inhibitorral (ACEi) vagy angiotenzin-receptor-blokkolóval (ARB). történő kezelésben részesült  
38563251;103100;1;Parkinson-kór és Parkinson-szindróma (másodlagos parkinsonismus) kezelésére - a finanszírozási eljárásrend szerint
38564468;103101;1;Parkinson-kór esetén, az alkalmazási előírásban szereplő monoterápiában, illetve L-DOPA és selegilinnel, illetve amantadinnal való kombinált kezelésben kiegészítő kezelésként is, ha súlyos motoros fluktuáció jelentkezik - a finanszírozási eljárásrend szerint
38565246;103102;1;Parkinson-kórban kialakuló motoros fluktuáció minden esetében - a finanszírozási eljárásrend szerint
38565367;103103;1;Oszteoporotikus törések szekunder prevenciója céljából alkalmazható humán rekombináns parathormon - a finanszírozási eljárásrend szerint
38566949;103105;1;Gyermekkori asthma bronchiale kezelésére (14 éves korig, az  életkorra vonatkozó rendelési előírások szigorú figyelembevételével) a finanszírozási eljárásrend alapján
38567934;103106;1;Krónikus obstruktív tüdőbetegség (COPD) esetén a finanszírozási eljárásrend alapján
38552288;103058;1;Perzisztáló allergiás asthma bronchiale kiegészítő kezelése céljából - a finanszírozási eljárásrend szerint (felnőttkori asthma bronchiale és gyermekkori asthma bronchiale)
38553666;103068;1;"Szekunder prevencióként azon felnőtt betegek kezelésére, akik életmódváltás, szívérrendszeri társbetegségek (pl. diabetes, hipertonia) célértékre történő kezelése, továbbá akik kórelőzményében akut koronária szindróma (STEMI, non-STEMI, instabil angina), coronaria revaszkularizáció (coronaria bypass vagy coronaria intervenció), ischaemias stroke, perifériás artériás revaszkularizáció (sebészi, vagy endovaszkuláris), vagy vaszkuláris okból bekövetkezett amputáció szerepel és LDL-C szintje meghaladja a 1,8 mmol/L szintet 3 havi maximálisan tolerált dózisú sztatin kezelés és 1 havi ezetimibe-kezelés ellenére:  _x000d_
- egy sztatinnal vagy sztatinnal és egyéb lipidszintcsökkentő terápiákkal kombinálva _x000d_
- bizonyítható sztatin intolerancia (CK emelkedés, egyértelműen sztatin terápiára visszavezethető szignifikáns májfunkció eltérés) vagy sztatin ellenjavallatt esetén önmagában vagy egyéb lipidszintcsökkentő terápiákkal kombinálva"
